"DESCRIPTION","DURATION IN MS","NAME","PARENT SUITE","START TIME","STATUS","STOP TIME","SUB SUITE","SUITE","TEST CLASS","TEST METHOD"
"","1","dEQP-VK.video.encode.h264.i","","Thu Jan 01 01:16:40 CET 1970","passed","Thu Jan 01 01:16:40 CET 1970","","VulkanCTS","dEQP-VK",""
"","1","dEQP-VK.video.encode.h264.resolution_change_dpb","","Thu Jan 01 01:16:40 CET 1970","passed","Thu Jan 01 01:16:40 CET 1970","","VulkanCTS","dEQP-VK",""
"","1","dEQP-VK.video.encode.h264.rc_disable","","Thu Jan 01 01:16:40 CET 1970","passed","Thu Jan 01 01:16:40 CET 1970","","VulkanCTS","dEQP-VK",""
"","1","dEQP-VK.video.encode.h264.quantization_map_delta","","Thu Jan 01 01:16:40 CET 1970","skipped","Thu Jan 01 01:16:40 CET 1970","","VulkanCTS","dEQP-VK",""
"","1","dEQP-VK.video.encode.h264.rc_vbr","","Thu Jan 01 01:16:40 CET 1970","passed","Thu Jan 01 01:16:40 CET 1970","","VulkanCTS","dEQP-VK",""
"","1","dEQP-VK.video.encode.h264.quantization_map_delta_rc_vbr","","Thu Jan 01 01:16:40 CET 1970","skipped","Thu Jan 01 01:16:40 CET 1970","","VulkanCTS","dEQP-VK",""
"","1","dEQP-VK.video.encode.h264.usage","","Thu Jan 01 01:16:40 CET 1970","passed","Thu Jan 01 01:16:40 CET 1970","","VulkanCTS","dEQP-VK",""
"","1","dEQP-VK.video.encode.h264.resources_without_profiles","","Thu Jan 01 01:16:40 CET 1970","passed","Thu Jan 01 01:16:40 CET 1970","","VulkanCTS","dEQP-VK",""
"","1","dEQP-VK.video.encode.h264.quantization_map_emphasis_vbr","","Thu Jan 01 01:16:40 CET 1970","skipped","Thu Jan 01 01:16:40 CET 1970","","VulkanCTS","dEQP-VK",""
"","1","dEQP-VK.video.encode.h264.i_p_b_13","","Thu Jan 01 01:16:40 CET 1970","passed","Thu Jan 01 01:16:40 CET 1970","","VulkanCTS","dEQP-VK",""
"","1","dEQP-VK.video.encode.h264.inline_query","","Thu Jan 01 01:16:40 CET 1970","passed","Thu Jan 01 01:16:40 CET 1970","","VulkanCTS","dEQP-VK",""
"","1","dEQP-VK.video.encode.h264.i_p_not_matching_order","","Thu Jan 01 01:16:40 CET 1970","passed","Thu Jan 01 01:16:40 CET 1970","","VulkanCTS","dEQP-VK",""
"","1","dEQP-VK.video.encode.h264.quality_level","","Thu Jan 01 01:16:40 CET 1970","passed","Thu Jan 01 01:16:40 CET 1970","","VulkanCTS","dEQP-VK",""
"","1","dEQP-VK.video.encode.h264.query_with_status","","Thu Jan 01 01:16:40 CET 1970","passed","Thu Jan 01 01:16:40 CET 1970","","VulkanCTS","dEQP-VK",""
"","1","dEQP-VK.video.encode.h264.i_p","","Thu Jan 01 01:16:40 CET 1970","passed","Thu Jan 01 01:16:40 CET 1970","","VulkanCTS","dEQP-VK",""
"","1","dEQP-VK.video.encode.h264.quantization_map_delta_rc_cbr","","Thu Jan 01 01:16:40 CET 1970","skipped","Thu Jan 01 01:16:40 CET 1970","","VulkanCTS","dEQP-VK",""
"","1","dEQP-VK.video.encode.h264.quantization_map_delta_rc_disable","","Thu Jan 01 01:16:40 CET 1970","skipped","Thu Jan 01 01:16:40 CET 1970","","VulkanCTS","dEQP-VK",""
"","1","dEQP-VK.video.encode.h264.quantization_map_emphasis_cbr","","Thu Jan 01 01:16:40 CET 1970","skipped","Thu Jan 01 01:16:40 CET 1970","","VulkanCTS","dEQP-VK",""
"","1","dEQP-VK.video.encode.h264.rc_cbr","","Thu Jan 01 01:16:40 CET 1970","passed","Thu Jan 01 01:16:40 CET 1970","","VulkanCTS","dEQP-VK",""
